,Symbol,Order,Shares,AAPL,IBM,GOOG,XOM,AAPL_stock,IBM_stock,GOOG_stock,XOM_stock,cash,equity_value,port_value,commissions,market_impact
2011-01-10,AAPL,BUY,1500.0,340.99,143.41,614.21,72.02,1500,0,0,0,485957.575,511485.0,997442.575,0.0,2557.425
2011-01-11,,,,340.18,143.06,616.01,72.56,1500,0,0,0,488515.0,510270.0,998785.0,0.0,0.0
2011-01-12,,,,342.95,144.82,616.87,73.41,1500,0,0,0,488515.0,514425.0,1002940.0,0.0,0.0
2011-01-13,AAPL,SELL,1500.0,344.2,144.55,616.69,73.54,0,0,0,0,1002233.5,0.0,1002233.5,0.0,2581.5
2011-01-13,IBM,BUY,4000.0,344.2,144.55,616.69,73.54,0,4000,0,0,423724.0,578200.0,1001924.0,0.0,2891.0000000000005
2011-01-14,,,,346.99,145.7,624.18,74.62,0,4000,0,0,426615.0,582800.0,1009415.0,0.0,0.0
2011-01-18,,,,339.19,146.33,639.63,75.45,0,4000,0,0,426615.0,585320.0,1011935.0,0.0,0.0
2011-01-19,,,,337.39,151.22,631.75,75.0,0,4000,0,0,426615.0,604880.0,1031495.0,0.0,0.0
2011-01-20,,,,331.26,151.33,626.77,74.53,0,4000,0,0,426615.0,605320.0,1031935.0,0.0,0.0
2011-01-21,,,,325.32,151.04,611.83,75.71,0,4000,0,0,426615.0,604160.0,1030775.0,0.0,0.0
2011-01-24,,,,336.01,155.05,611.08,75.34,0,4000,0,0,426615.0,620200.0,1046815.0,0.0,0.0
2011-01-25,,,,339.94,156.81,619.91,75.43,0,4000,0,0,426615.0,627240.0,1053855.0,0.0,0.0
2011-01-26,GOOG,BUY,1000.0,342.38,156.42,616.5,76.37,0,4000,1000,0,-192967.5,1242180.0,1049212.5,0.0,3082.5
2011-01-27,,,,341.74,156.45,616.79,76.58,0,4000,1000,0,-189885.0,1242590.0,1052705.0,0.0,0.0
2011-01-28,,,,334.66,154.64,600.99,75.72,0,4000,1000,0,-189885.0,1219550.0,1029665.0,0.0,0.0
2011-01-31,,,,337.87,157.35,600.36,77.34,0,4000,1000,0,-189885.0,1229760.0,1039875.0,0.0,0.0
2011-02-01,,,,343.55,158.87,611.04,80.44,0,4000,1000,0,-189885.0,1246520.0,1056635.0,0.0,0.0
2011-02-02,XOM,SELL,4000.0,342.85,158.62,612.0,79.96,0,4000,1000,-4000,128355.8,926640.0,1054995.8,0.0,1599.2
2011-02-03,,,,341.97,158.84,610.15,79.99,0,4000,1000,-4000,129955.0,925550.0,1055505.0,0.0,0.0
2011-02-04,,,,345.02,159.3,610.98,79.84,0,4000,1000,-4000,129955.0,928820.0,1058775.0,0.0,0.0
2011-02-07,,,,350.38,160.09,614.29,80.46,0,4000,1000,-4000,129955.0,932810.0,1062765.0,0.0,0.0
2011-02-08,,,,353.68,161.93,618.38,79.97,0,4000,1000,-4000,129955.0,946220.0,1076175.0,0.0,0.0
2011-02-09,,,,356.63,160.56,616.5,79.55,0,4000,1000,-4000,129955.0,940540.0,1070495.0,0.0,0.0
2011-02-10,XOM,BUY,4000.0,353.02,160.02,616.44,80.18,0,4000,1000,0,-192368.6,1256520.0,1064151.4,0.0,1603.6000000000001
2011-02-11,,,,355.32,159.78,624.5,79.81,0,4000,1000,0,-190765.0,1263620.0,1072855.0,0.0,0.0
2011-02-14,,,,357.64,159.17,628.15,81.83,0,4000,1000,0,-190765.0,1264830.0,1074065.0,0.0,0.0
2011-02-15,,,,358.36,158.8,624.15,79.96,0,4000,1000,0,-190765.0,1259350.0,1068585.0,0.0,0.0
2011-02-16,,,,361.58,159.34,624.22,80.65,0,4000,1000,0,-190765.0,1261580.0,1070815.0,0.0,0.0
2011-02-17,,,,356.77,160.16,625.26,80.83,0,4000,1000,0,-190765.0,1265900.0,1075135.0,0.0,0.0
2011-02-18,,,,349.06,160.75,630.08,81.43,0,4000,1000,0,-190765.0,1273080.0,1082315.0,0.0,0.0
2011-02-22,,,,337.16,157.93,610.21,82.34,0,4000,1000,0,-190765.0,1241930.0,1051165.0,0.0,0.0
2011-02-23,,,,341.16,156.2,611.32,83.91,0,4000,1000,0,-190765.0,1236120.0,1045355.0,0.0,0.0
2011-02-24,,,,341.41,156.78,608.82,82.85,0,4000,1000,0,-190765.0,1235940.0,1045175.0,0.0,0.0
2011-02-25,,,,346.67,158.25,610.04,82.24,0,4000,1000,0,-190765.0,1243040.0,1052275.0,0.0,0.0
2011-02-28,,,,351.7,157.86,613.4,82.42,0,4000,1000,0,-190765.0,1244840.0,1054075.0,0.0,0.0
2011-03-01,,,,347.82,156.0,600.76,81.72,0,4000,1000,0,-190765.0,1224760.0,1033995.0,0.0,0.0
2011-03-02,,,,350.61,156.18,600.79,81.99,0,4000,1000,0,-190765.0,1225510.0,1034745.0,0.0,0.0
2011-03-03,GOOG,SELL,1000.0,358.02,159.42,609.56,82.7,0,4000,0,0,415747.2,637680.0,1053427.2,0.0,3047.7999999999997
2011-03-03,IBM,SELL,2200.0,358.02,159.42,609.56,82.7,0,1800,0,0,767765.38,286956.0,1054721.38,0.0,1753.62
2011-03-04,,,,358.46,157.81,600.62,81.99,0,1800,0,0,769519.0,284058.0,1053577.0,0.0,0.0
2011-03-07,,,,353.84,155.96,591.66,81.64,0,1800,0,0,769519.0,280728.0,1050247.0,0.0,0.0
2011-03-08,,,,354.24,158.25,592.31,81.53,0,1800,0,0,769519.0,284850.0,1054369.0,0.0,0.0
2011-03-09,,,,350.96,161.74,591.77,81.32,0,1800,0,0,769519.0,291132.0,1060651.0,0.0,0.0
2011-03-10,,,,345.19,158.0,580.3,78.43,0,1800,0,0,769519.0,284400.0,1053919.0,0.0,0.0
2011-03-11,,,,350.49,158.4,576.71,79.14,0,1800,0,0,769519.0,285120.0,1054639.0,0.0,0.0
2011-03-14,,,,352.05,157.38,569.99,79.39,0,1800,0,0,769519.0,283284.0,1052803.0,0.0,0.0
2011-03-15,,,,343.95,155.07,569.56,78.44,0,1800,0,0,769519.0,279126.0,1048645.0,0.0,0.0
2011-03-16,,,,328.6,149.2,557.1,76.43,0,1800,0,0,769519.0,268560.0,1038079.0,0.0,0.0
2011-03-17,,,,333.21,150.35,561.36,78.21,0,1800,0,0,769519.0,270630.0,1040149.0,0.0,0.0
2011-03-18,,,,329.26,152.02,561.06,77.91,0,1800,0,0,769519.0,273636.0,1043155.0,0.0,0.0
2011-03-21,,,,337.85,153.76,576.5,79.83,0,1800,0,0,769519.0,276768.0,1046287.0,0.0,0.0
2011-03-22,,,,339.74,154.08,577.32,79.56,0,1800,0,0,769519.0,277344.0,1046863.0,0.0,0.0
2011-03-23,,,,337.74,155.57,582.16,79.6,0,1800,0,0,769519.0,280026.0,1049545.0,0.0,0.0
2011-03-24,,,,343.5,156.07,586.89,79.73,0,1800,0,0,769519.0,280926.0,1050445.0,0.0,0.0
2011-03-25,,,,350.04,158.15,579.74,80.58,0,1800,0,0,769519.0,284670.0,1054189.0,0.0,0.0
2011-03-28,,,,348.94,157.36,575.36,80.44,0,1800,0,0,769519.0,283248.0,1052767.0,0.0,0.0
2011-03-29,,,,349.46,158.84,581.73,80.23,0,1800,0,0,769519.0,285912.0,1055431.0,0.0,0.0
2011-03-30,,,,347.14,159.54,581.84,81.42,0,1800,0,0,769519.0,287172.0,1056691.0,0.0,0.0
2011-03-31,,,,347.02,159.02,586.76,81.08,0,1800,0,0,769519.0,286236.0,1055755.0,0.0,0.0
2011-04-01,,,,343.09,160.19,591.8,81.61,0,1800,0,0,769519.0,288342.0,1057861.0,0.0,0.0
2011-04-04,,,,339.73,160.17,587.68,81.79,0,1800,0,0,769519.0,288306.0,1057825.0,0.0,0.0
2011-04-05,,,,337.44,159.92,569.09,82.32,0,1800,0,0,769519.0,287856.0,1057375.0,0.0,0.0
2011-04-06,,,,336.59,159.97,574.18,82.09,0,1800,0,0,769519.0,287946.0,1057465.0,0.0,0.0
2011-04-07,,,,336.63,160.3,580.0,82.65,0,1800,0,0,769519.0,288540.0,1058059.0,0.0,0.0
2011-04-08,,,,333.63,159.98,578.16,82.83,0,1800,0,0,769519.0,287964.0,1057483.0,0.0,0.0
2011-04-11,,,,329.39,159.88,577.37,82.07,0,1800,0,0,769519.0,287784.0,1057303.0,0.0,0.0
2011-04-12,,,,330.98,159.2,570.61,80.16,0,1800,0,0,769519.0,286560.0,1056079.0,0.0,0.0
2011-04-13,,,,334.69,159.88,576.28,80.14,0,1800,0,0,769519.0,287784.0,1057303.0,0.0,0.0
2011-04-14,,,,331.0,160.87,578.51,80.41,0,1800,0,0,769519.0,289566.0,1059085.0,0.0,0.0
2011-04-15,,,,326.06,162.08,530.7,81.23,0,1800,0,0,769519.0,291744.0,1061263.0,0.0,0.0
2011-04-18,,,,330.43,161.82,526.84,80.08,0,1800,0,0,769519.0,291276.0,1060795.0,0.0,0.0
2011-04-19,,,,336.42,161.29,521.53,80.76,0,1800,0,0,769519.0,290322.0,1059841.0,0.0,0.0
2011-04-20,,,,340.95,160.66,525.73,82.54,0,1800,0,0,769519.0,289188.0,1058707.0,0.0,0.0
2011-04-21,,,,349.2,164.1,525.1,83.22,0,1800,0,0,769519.0,295380.0,1064899.0,0.0,0.0
2011-04-25,,,,351.5,163.51,525.05,83.09,0,1800,0,0,769519.0,294318.0,1063837.0,0.0,0.0
2011-04-26,,,,348.92,164.31,532.82,84.25,0,1800,0,0,769519.0,295758.0,1065277.0,0.0,0.0
2011-04-27,,,,348.65,166.14,537.76,84.59,0,1800,0,0,769519.0,299052.0,1068571.0,0.0,0.0
2011-04-28,,,,345.27,166.54,537.97,84.17,0,1800,0,0,769519.0,299772.0,1069291.0,0.0,0.0
2011-04-29,,,,348.63,166.34,544.1,84.79,0,1800,0,0,769519.0,299412.0,1068931.0,0.0,0.0
2011-05-02,,,,344.8,167.87,538.56,83.81,0,1800,0,0,769519.0,302166.0,1071685.0,0.0,0.0
2011-05-03,IBM,BUY,1500.0,346.71,168.58,533.89,82.51,0,3300,0,0,515384.65,556314.0,1071698.65,0.0,1264.3500000000001
2011-05-04,,,,348.08,166.38,535.79,81.73,0,3300,0,0,516649.0,549054.0,1065703.0,0.0,0.0
2011-05-05,,,,345.27,164.28,534.27,79.62,0,3300,0,0,516649.0,542124.0,1058773.0,0.0,0.0
2011-05-06,,,,345.18,165.43,535.3,79.69,0,3300,0,0,516649.0,545919.0,1062568.0,0.0,0.0
2011-05-09,,,,346.11,165.64,537.68,80.16,0,3300,0,0,516649.0,546612.0,1063261.0,0.0,0.0
2011-05-10,,,,347.96,166.89,542.66,80.31,0,3300,0,0,516649.0,550737.0,1067386.0,0.0,0.0
2011-05-11,,,,345.75,166.03,535.45,78.62,0,3300,0,0,516649.0,547899.0,1064548.0,0.0,0.0
2011-05-12,,,,345.09,168.71,535.05,78.55,0,3300,0,0,516649.0,556743.0,1073392.0,0.0,0.0
2011-05-13,,,,339.04,166.44,529.55,78.38,0,3300,0,0,516649.0,549252.0,1065901.0,0.0,0.0
2011-05-16,,,,331.88,165.4,518.42,77.77,0,3300,0,0,516649.0,545820.0,1062469.0,0.0,0.0
2011-05-17,,,,334.7,167.01,530.46,77.93,0,3300,0,0,516649.0,551133.0,1067782.0,0.0,0.0
2011-05-18,,,,338.42,166.95,529.81,79.22,0,3300,0,0,516649.0,550935.0,1067584.0,0.0,0.0
2011-05-19,,,,339.07,167.1,531.25,79.79,0,3300,0,0,516649.0,551430.0,1068079.0,0.0,0.0
2011-05-20,,,,333.79,166.68,524.03,79.05,0,3300,0,0,516649.0,550044.0,1066693.0,0.0,0.0
2011-05-23,,,,332.97,164.82,518.39,78.18,0,3300,0,0,516649.0,543906.0,1060555.0,0.0,0.0
2011-05-24,,,,330.77,164.55,518.26,78.78,0,3300,0,0,516649.0,543015.0,1059664.0,0.0,0.0
2011-05-25,,,,335.34,164.32,519.67,79.43,0,3300,0,0,516649.0,542256.0,1058905.0,0.0,0.0
2011-05-26,,,,333.57,163.76,518.13,79.85,0,3300,0,0,516649.0,540408.0,1057057.0,0.0,0.0
2011-05-27,,,,335.97,164.07,520.9,80.08,0,3300,0,0,516649.0,541431.0,1058080.0,0.0,0.0
2011-05-31,,,,346.34,165.47,529.02,80.9,0,3300,0,0,516649.0,546051.0,1062700.0,0.0,0.0
2011-06-01,,,,344.03,163.15,525.6,79.5,0,3300,0,0,516649.0,538395.0,1055044.0,0.0,0.0
2011-06-02,,,,344.62,162.69,528.06,78.82,0,3300,0,0,516649.0,536877.0,1053526.0,0.0,0.0
2011-06-03,IBM,SELL,3300.0,341.97,161.67,523.08,78.68,0,0,0,0,1047492.445,0.0,1047492.445,0.0,2667.555
2011-06-06,,,,336.59,161.38,521.06,77.81,0,0,0,0,1050160.0,0.0,1050160.0,0.0,0.0
2011-06-07,,,,330.62,160.34,519.03,77.53,0,0,0,0,1050160.0,0.0,1050160.0,0.0,0.0
2011-06-08,,,,330.82,160.98,519.17,78.27,0,0,0,0,1050160.0,0.0,1050160.0,0.0,0.0
2011-06-09,,,,330.07,161.47,516.73,78.68,0,0,0,0,1050160.0,0.0,1050160.0,0.0,0.0
2011-06-10,AAPL,BUY,10000.0,324.51,159.84,509.51,77.32,10000,0,0,0,-2211165.5,3245100.0,1033934.5,0.0,16225.5
2011-06-13,,,,325.2,159.83,504.73,76.79,10000,0,0,0,-2194940.0,3252000.0,1057060.0,0.0,0.0
2011-06-14,,,,331.02,160.76,508.37,77.9,10000,0,0,0,-2194940.0,3310200.0,1115260.0,0.0,0.0
2011-06-15,,,,325.35,159.01,502.95,76.23,10000,0,0,0,-2194940.0,3253500.0,1058560.0,0.0,0.0
2011-06-16,,,,323.77,159.34,500.37,76.78,10000,0,0,0,-2194940.0,3237700.0,1042760.0,0.0,0.0
2011-06-17,,,,318.89,161.07,485.02,76.58,10000,0,0,0,-2194940.0,3188900.0,993960.0,0.0,0.0
2011-06-20,,,,313.97,161.64,484.58,77.25,10000,0,0,0,-2194940.0,3139700.0000000005,944760.0000000005,0.0,0.0
2011-06-21,,,,323.91,162.82,493.0,78.09,10000,0,0,0,-2194940.0,3239100.0000000005,1044160.0000000005,0.0,0.0
2011-06-22,,,,321.23,162.29,487.01,77.36,10000,0,0,0,-2194940.0,3212300.0,1017360.0,0.0,0.0
2011-06-23,,,,329.81,162.72,480.22,76.02,10000,0,0,0,-2194940.0,3298100.0,1103160.0,0.0,0.0
2011-06-24,,,,324.95,161.69,474.88,74.41,10000,0,0,0,-2194940.0,3249500.0,1054560.0,0.0,0.0
2011-06-27,,,,330.62,164.19,482.8,75.52,10000,0,0,0,-2194940.0,3306200.0,1111260.0,0.0,0.0
2011-06-28,,,,333.83,166.53,493.65,77.17,10000,0,0,0,-2194940.0,3338300.0,1143360.0,0.0,0.0
2011-06-29,,,,332.61,167.05,497.57,77.78,10000,0,0,0,-2194940.0,3326100.0,1131160.0,0.0,0.0
2011-06-30,,,,334.23,168.04,506.38,78.87,10000,0,0,0,-2194940.0,3342300.0,1147360.0,0.0,0.0
2011-07-01,,,,341.79,170.97,521.03,79.48,10000,0,0,0,-2194940.0,3417900.0,1222960.0,0.0,0.0
2011-07-05,,,,347.94,171.84,532.44,79.08,10000,0,0,0,-2194940.0,3479400.0,1284460.0,0.0,0.0
2011-07-06,,,,350.26,174.07,535.36,79.05,10000,0,0,0,-2194940.0,3502600.0,1307660.0,0.0,0.0
2011-07-07,,,,355.67,172.87,546.6,79.82,10000,0,0,0,-2194940.0,3556700.0,1361760.0,0.0,0.0
2011-07-08,,,,358.17,172.88,531.99,79.88,10000,0,0,0,-2194940.0,3581700.0,1386760.0,0.0,0.0
2011-07-11,,,,352.49,171.41,527.28,79.37,10000,0,0,0,-2194940.0,3524900.0,1329960.0,0.0,0.0
2011-07-12,,,,352.24,170.49,534.01,79.36,10000,0,0,0,-2194940.0,3522400.0,1327460.0,0.0,0.0
2011-07-13,,,,356.49,170.75,538.26,79.94,10000,0,0,0,-2194940.0,3564900.0,1369960.0,0.0,0.0
2011-07-14,,,,356.24,170.66,528.94,79.7,10000,0,0,0,-2194940.0,3562400.0,1367460.0,0.0,0.0
2011-07-15,,,,363.36,171.95,597.62,80.44,10000,0,0,0,-2194940.0,3633600.0,1438660.0,0.0,0.0
2011-07-18,,,,372.2,171.69,594.94,80.1,10000,0,0,0,-2194940.0,3722000.0,1527060.0,0.0,0.0
2011-07-19,,,,375.24,181.42,602.55,81.05,10000,0,0,0,-2194940.0,3752400.0,1557460.0,0.0,0.0
2011-07-20,,,,385.25,179.89,595.35,80.73,10000,0,0,0,-2194940.0,3852500.0,1657560.0,0.0,0.0
2011-07-21,,,,385.63,181.11,606.99,82.4,10000,0,0,0,-2194940.0,3856300.0,1661360.0,0.0,0.0
2011-07-22,,,,391.62,181.39,618.23,82.59,10000,0,0,0,-2194940.0,3916200.0,1721260.0,0.0,0.0
2011-07-25,,,,396.8,179.94,618.98,81.96,10000,0,0,0,-2194940.0,3968000.0,1773060.0,0.0,0.0
2011-07-26,,,,401.69,179.19,622.52,81.77,10000,0,0,0,-2194940.0,4016900.0,1821960.0,0.0,0.0
2011-07-27,,,,390.91,177.64,607.22,80.74,10000,0,0,0,-2194940.0,3909100.0000000005,1714160.0000000005,0.0,0.0
2011-07-28,,,,390.14,178.08,610.94,78.95,10000,0,0,0,-2194940.0,3901400.0,1706460.0,0.0,0.0
2011-07-29,,,,388.81,178.13,603.69,77.33,10000,0,0,0,-2194940.0,3888100.0,1693160.0,0.0,0.0
2011-08-01,GOOG,BUY,55.0,395.05,177.05,606.77,77.15,10000,0,55,0,-2228479.2117500002,3983872.35,1755393.1382499998,0.0,166.86175
2011-08-01,GOOG,SELL,55.0,395.05,177.05,606.77,77.15,10000,0,0,0,-2195106.86175,3950500.0,1755393.1382499998,0.0,166.86175
2011-08-02,,,,387.25,174.4,592.4,75.44,10000,0,0,0,-2194940.0,3872500.0,1677560.0,0.0,0.0
2011-08-03,,,,390.89,175.17,601.17,75.32,10000,0,0,0,-2194940.0,3908900.0,1713960.0,0.0,0.0
2011-08-04,,,,375.76,167.97,577.52,71.56,10000,0,0,0,-2194940.0,3757600.0,1562660.0,0.0,0.0
2011-08-05,,,,372.02,169.44,579.04,72.51,10000,0,0,0,-2194940.0,3720200.0,1525260.0,0.0,0.0
2011-08-08,,,,351.7,163.53,546.02,68.03,10000,0,0,0,-2194940.0,3517000.0,1322060.0,0.0,0.0
2011-08-09,,,,372.41,167.84,573.41,69.43,10000,0,0,0,-2194940.0,3724100.0000000005,1529160.0000000005,0.0,0.0
2011-08-10,,,,362.14,159.91,549.01,66.37,10000,0,0,0,-2194940.0,3621400.0,1426460.0,0.0,0.0
2011-08-11,,,,372.1,164.03,562.13,69.83,10000,0,0,0,-2194940.0,3721000.0,1526060.0,0.0,0.0
2011-08-12,,,,375.38,165.47,563.77,70.24,10000,0,0,0,-2194940.0,3753800.0,1558860.0,0.0,0.0
2011-08-15,,,,381.77,170.19,557.23,72.47,10000,0,0,0,-2194940.0,3817700.0,1622760.0,0.0,0.0
2011-08-16,,,,378.85,168.46,539.0,71.7,10000,0,0,0,-2194940.0,3788500.0,1593560.0,0.0,0.0
2011-08-17,,,,378.81,168.7,533.15,72.35,10000,0,0,0,-2194940.0,3788100.0,1593160.0,0.0,0.0
2011-08-18,,,,364.49,161.17,504.88,69.21,10000,0,0,0,-2194940.0,3644900.0,1449960.0,0.0,0.0
2011-08-19,,,,354.51,154.99,490.92,68.09,10000,0,0,0,-2194940.0,3545100.0,1350160.0,0.0,0.0
2011-08-22,,,,354.92,156.4,498.17,68.46,10000,0,0,0,-2194940.0,3549200.0,1354260.0,0.0,0.0
2011-08-23,,,,372.0,161.66,518.82,71.86,10000,0,0,0,-2194940.0,3720000.0,1525060.0,0.0,0.0
2011-08-24,,,,374.57,164.06,523.29,71.74,10000,0,0,0,-2194940.0,3745700.0,1550760.0,0.0,0.0
2011-08-25,,,,372.12,162.9,520.04,70.02,10000,0,0,0,-2194940.0,3721200.0,1526260.0,0.0,0.0
2011-08-26,,,,381.94,166.4,526.86,70.86,10000,0,0,0,-2194940.0,3819400.0,1624460.0,0.0,0.0
2011-08-29,,,,388.3,169.82,539.08,72.31,10000,0,0,0,-2194940.0,3883000.0,1688060.0,0.0,0.0
2011-08-30,,,,388.32,169.71,540.7,72.1,10000,0,0,0,-2194940.0,3883200.0,1688260.0,0.0,0.0
2011-08-31,,,,383.18,169.12,540.96,72.21,10000,0,0,0,-2194940.0,3831800.0,1636860.0,0.0,0.0
2011-09-01,,,,379.4,167.57,532.5,71.69,10000,0,0,0,-2194940.0,3794000.0,1599060.0,0.0,0.0
2011-09-02,,,,372.45,164.27,524.84,70.38,10000,0,0,0,-2194940.0,3724500.0,1529560.0,0.0,0.0
2011-09-06,,,,378.12,162.43,522.18,69.41,10000,0,0,0,-2194940.0,3781200.0,1586260.0,0.0,0.0
2011-09-07,,,,382.29,164.6,534.03,71.85,10000,0,0,0,-2194940.0,3822900.0,1627960.0,0.0,0.0
2011-09-08,,,,382.5,162.57,534.96,71.04,10000,0,0,0,-2194940.0,3825000.0,1630060.0,0.0,0.0
2011-09-09,,,,375.87,158.75,524.85,69.27,10000,0,0,0,-2194940.0,3758700.0,1563760.0,0.0,0.0
2011-09-12,,,,378.32,159.79,530.12,70.08,10000,0,0,0,-2194940.0,3783200.0,1588260.0,0.0,0.0
2011-09-13,,,,382.98,160.78,529.52,69.9,10000,0,0,0,-2194940.0,3829800.0,1634860.0,0.0,0.0
2011-09-14,,,,387.64,164.53,532.07,70.86,10000,0,0,0,-2194940.0,3876400.0,1681460.0,0.0,0.0
2011-09-15,,,,391.28,167.33,542.56,72.2,10000,0,0,0,-2194940.0,3912799.9999999995,1717859.9999999995,0.0,0.0
2011-09-16,,,,398.79,170.19,546.68,72.73,10000,0,0,0,-2194940.0,3987900.0,1792960.0,0.0,0.0
2011-09-19,,,,409.87,170.32,546.67,71.9,10000,0,0,0,-2194940.0,4098700.0,1903760.0,0.0,0.0
2011-09-20,,,,411.68,171.89,546.63,72.2,10000,0,0,0,-2194940.0,4116800.0,1921860.0,0.0,0.0
2011-09-21,,,,410.38,170.22,539.2,70.21,10000,0,0,0,-2194940.0,4103800.0,1908860.0,0.0,0.0
2011-09-22,,,,400.1,165.89,520.66,67.55,10000,0,0,0,-2194940.0,4001000.0,1806060.0,0.0,0.0
2011-09-23,,,,402.57,166.6,525.51,67.62,10000,0,0,0,-2194940.0,4025700.0,1830760.0,0.0,0.0
2011-09-26,,,,401.45,171.68,531.89,69.97,10000,0,0,0,-2194940.0,4014500.0,1819560.0,0.0,0.0
2011-09-27,,,,397.55,174.83,539.34,71.13,10000,0,0,0,-2194940.0,3975500.0,1780560.0,0.0,0.0
2011-09-28,,,,395.31,174.67,528.84,70.31,10000,0,0,0,-2194940.0,3953100.0,1758160.0,0.0,0.0
2011-09-29,,,,388.9,176.27,527.5,72.07,10000,0,0,0,-2194940.0,3889000.0,1694060.0,0.0,0.0
2011-09-30,,,,379.69,172.04,515.04,70.86,10000,0,0,0,-2194940.0,3796900.0,1601960.0,0.0,0.0
2011-10-03,,,,373.0,170.48,495.52,69.41,10000,0,0,0,-2194940.0,3730000.0,1535060.0,0.0,0.0
2011-10-04,,,,370.91,171.91,501.9,71.05,10000,0,0,0,-2194940.0,3709100.0000000005,1514160.0000000005,0.0,0.0
2011-10-05,,,,376.63,173.98,504.7,72.14,10000,0,0,0,-2194940.0,3766300.0,1571360.0,0.0,0.0
2011-10-06,,,,375.76,178.75,514.71,72.08,10000,0,0,0,-2194940.0,3757600.0,1562660.0,0.0,0.0
2011-10-07,,,,368.22,179.43,515.12,71.76,10000,0,0,0,-2194940.0,3682200.0000000005,1487260.0000000005,0.0,0.0
2011-10-10,,,,387.15,183.6,537.17,74.42,10000,0,0,0,-2194940.0,3871500.0,1676560.0,0.0,0.0
2011-10-11,,,,398.58,182.0,543.18,74.41,10000,0,0,0,-2194940.0,3985800.0,1790860.0,0.0,0.0
2011-10-12,,,,400.47,183.1,548.5,75.27,10000,0,0,0,-2194940.0,4004700.0000000005,1809760.0000000005,0.0,0.0
2011-10-13,,,,406.68,183.79,558.99,74.5,10000,0,0,0,-2194940.0,4066800.0,1871860.0,0.0,0.0
2011-10-14,,,,420.2,187.44,591.68,76.2,10000,0,0,0,-2194940.0,4202000.0,2007060.0,0.0,0.0
2011-10-17,,,,418.19,183.57,582.41,75.58,10000,0,0,0,-2194940.0,4181900.0,1986960.0,0.0,0.0
2011-10-18,,,,420.43,176.0,590.51,76.96,10000,0,0,0,-2194940.0,4204300.0,2009360.0,0.0,0.0
2011-10-19,,,,396.92,174.52,580.7,76.51,10000,0,0,0,-2194940.0,3969200.0,1774260.0,0.0,0.0
2011-10-20,,,,393.62,174.38,583.67,76.79,10000,0,0,0,-2194940.0,3936200.0,1741260.0,0.0,0.0
2011-10-21,,,,391.19,178.69,590.49,78.17,10000,0,0,0,-2194940.0,3911900.0,1716960.0,0.0,0.0
2011-10-24,,,,404.04,179.3,596.42,78.21,10000,0,0,0,-2194940.0,4040400.0,1845460.0,0.0,0.0
2011-10-25,,,,396.07,177.44,583.16,77.5,10000,0,0,0,-2194940.0,3960700.0,1765760.0,0.0,0.0
2011-10-26,,,,398.89,179.02,586.31,79.09,10000,0,0,0,-2194940.0,3988900.0,1793960.0,0.0,0.0
2011-10-27,,,,402.96,182.87,598.67,79.88,10000,0,0,0,-2194940.0,4029600.0,1834660.0,0.0,0.0
2011-10-28,,,,403.22,184.41,600.14,79.49,10000,0,0,0,-2194940.0,4032200.0000000005,1837260.0000000005,0.0,0.0
2011-10-31,,,,403.05,181.64,592.64,76.18,10000,0,0,0,-2194940.0,4030500.0,1835560.0,0.0,0.0
2011-11-01,,,,394.81,178.41,578.65,74.08,10000,0,0,0,-2194940.0,3948100.0,1753160.0,0.0,0.0
2011-11-02,,,,395.71,180.94,584.82,75.48,10000,0,0,0,-2194940.0,3957100.0,1762160.0,0.0,0.0
2011-11-03,,,,401.35,184.26,597.5,76.93,10000,0,0,0,-2194940.0,4013500.0,1818560.0,0.0,0.0
2011-11-04,,,,398.53,183.36,596.14,76.6,10000,0,0,0,-2194940.0,3985299.9999999995,1790359.9999999995,0.0,0.0
2011-11-07,,,,398.02,184.28,608.33,77.41,10000,0,0,0,-2194940.0,3980200.0,1785260.0,0.0,0.0
2011-11-08,,,,404.49,184.96,612.34,78.27,10000,0,0,0,-2194940.0,4044900.0,1849960.0,0.0,0.0
2011-11-09,,,,393.59,180.01,600.95,75.95,10000,0,0,0,-2194940.0,3935899.9999999995,1740959.9999999995,0.0,0.0
2011-11-10,,,,383.57,181.1,595.08,77.23,10000,0,0,0,-2194940.0,3835700.0,1640760.0,0.0,0.0
2011-11-11,,,,382.98,185.08,608.35,78.24,10000,0,0,0,-2194940.0,3829800.0,1634860.0,0.0,0.0
2011-11-14,,,,377.64,185.05,613.0,77.49,10000,0,0,0,-2194940.0,3776400.0,1581460.0,0.0,0.0
2011-11-15,,,,387.17,186.44,616.56,77.62,10000,0,0,0,-2194940.0,3871700.0,1676760.0,0.0,0.0
2011-11-16,,,,383.13,184.33,611.47,76.79,10000,0,0,0,-2194940.0,3831300.0,1636360.0,0.0,0.0
2011-11-17,,,,375.8,183.45,600.87,76.41,10000,0,0,0,-2194940.0,3758000.0,1563060.0,0.0,0.0
2011-11-18,,,,373.34,182.97,594.88,76.45,10000,0,0,0,-2194940.0,3733399.9999999995,1538459.9999999995,0.0,0.0
2011-11-21,,,,367.43,179.26,580.94,75.48,10000,0,0,0,-2194940.0,3674300.0,1479360.0,0.0,0.0
2011-11-22,,,,374.9,179.09,580.0,74.61,10000,0,0,0,-2194940.0,3749000.0,1554060.0,0.0,0.0
2011-11-23,,,,365.42,175.77,570.11,73.19,10000,0,0,0,-2194940.0,3654200.0,1459260.0,0.0,0.0
2011-11-25,,,,362.02,174.89,563.0,72.52,10000,0,0,0,-2194940.0,3620200.0,1425260.0,0.0,0.0
2011-11-28,,,,374.51,179.98,588.19,74.43,10000,0,0,0,-2194940.0,3745100.0,1550160.0,0.0,0.0
2011-11-29,,,,371.6,178.72,582.93,75.5,10000,0,0,0,-2194940.0,3716000.0,1521060.0,0.0,0.0
2011-11-30,,,,380.57,185.7,599.39,78.94,10000,0,0,0,-2194940.0,3805700.0,1610760.0,0.0,0.0
2011-12-01,,,,386.27,187.13,613.77,78.3,10000,0,0,0,-2194940.0,3862700.0,1667760.0,0.0,0.0
2011-12-02,,,,388.03,187.34,620.36,78.3,10000,0,0,0,-2194940.0,3880299.9999999995,1685359.9999999995,0.0,0.0
2011-12-05,,,,391.33,188.5,625.65,78.95,10000,0,0,0,-2194940.0,3913300.0,1718360.0,0.0,0.0
2011-12-06,,,,389.28,190.58,623.77,79.31,10000,0,0,0,-2194940.0,3892799.9999999995,1697859.9999999995,0.0,0.0
2011-12-07,,,,387.43,191.67,623.39,79.57,10000,0,0,0,-2194940.0,3874300.0,1679360.0,0.0,0.0
2011-12-08,,,,388.99,189.23,616.05,78.38,10000,0,0,0,-2194940.0,3889900.0,1694960.0,0.0,0.0
2011-12-09,,,,391.94,192.18,627.42,79.82,10000,0,0,0,-2194940.0,3919400.0,1724460.0,0.0,0.0
2011-12-12,,,,390.16,189.83,625.39,78.56,10000,0,0,0,-2194940.0,3901600.0000000005,1706660.0000000005,0.0,0.0
2011-12-13,,,,387.15,188.81,625.63,79.03,10000,0,0,0,-2194940.0,3871500.0,1676560.0,0.0,0.0
2011-12-14,,,,378.56,186.41,618.07,77.96,10000,0,0,0,-2194940.0,3785600.0,1590660.0,0.0,0.0
2011-12-15,,,,377.32,185.18,619.54,78.54,10000,0,0,0,-2194940.0,3773200.0,1578260.0,0.0,0.0
2011-12-16,,,,379.39,181.32,625.96,78.67,10000,0,0,0,-2194940.0,3793900.0,1598960.0,0.0,0.0
2011-12-19,,,,380.58,180.65,621.83,78.05,10000,0,0,0,-2194940.0,3805800.0,1610860.0,0.0,0.0
2011-12-20,AAPL,SELL,1200.0,394.26,184.95,630.37,80.47,8800,0,0,0,-1724193.56,3469488.0,1745294.44,0.0,2365.56
